{"loss": [0.03993714228272438, 0.015896478667855263, 0.011448236182332039, 0.010295639745891094, 0.009719561785459518, 0.042233847081661224, 0.018602021038532257, 0.012467190623283386, 0.01051335223019123, 0.009461640380322933, 0.009090852923691273, 0.008584083989262581, 0.008302713744342327, 0.008136657066643238, 0.008092035539448261], "mae": [0.03993714228272438, 0.015896478667855263, 0.011448236182332039, 0.010295639745891094, 0.009719561785459518, 0.042233847081661224, 0.018602021038532257, 0.012467190623283386, 0.01051335223019123, 0.009461640380322933, 0.009090852923691273, 0.008584083989262581, 0.008302713744342327, 0.008136657066643238, 0.008092035539448261], "mape": [483.2376708984375, 124.51221466064453, 127.1894760131836, 303.0112609863281, 241.09417724609375, 1399.1756591796875, 308.2061767578125, 448.85162353515625, 92.46648406982422, 189.38340759277344, 118.66033172607422, 67.40277862548828, 147.359130859375, 169.91720581054688, 177.58030700683594], "val_loss": [0.020353786647319794, 0.012180891819298267, 0.014237811788916588, 0.009157925844192505, 0.008908450603485107, 0.02398824505507946, 0.014172536320984364, 0.010652352124452591, 0.008706501685082912, 0.009114639833569527, 0.00937167089432478, 0.00829496793448925, 0.008224367164075375, 0.008146168664097786, 0.008120281621813774], "val_mae": [0.020353786647319794, 0.012180891819298267, 0.014237811788916588, 0.009157925844192505, 0.008908450603485107, 0.02398824505507946, 0.014172536320984364, 0.010652352124452591, 0.008706501685082912, 0.009114639833569527, 0.00937167089432478, 0.00829496793448925, 0.008224367164075375, 0.008146168664097786, 0.008120281621813774], "val_mape": [9.080689430236816, 5.286584854125977, 6.79775333404541, 3.926457166671753, 3.863948345184326, 10.290571212768555, 6.138946533203125, 5.116868019104004, 3.7373135089874268, 3.8302059173583984, 4.527956962585449, 3.6821439266204834, 3.7136683464050293, 3.306332588195801, 3.611964702606201]}